run_id,chan_id,num_train_values,num_test_values,n_predicted_anoms,normalized_pred_error,anom_scores,false_positives,false_negatives,true_negatives,true_positives,fp_sequences,tp_sequences,num_true_anoms,scores,spacecraft,anomaly_sequences,class
ESN_100Epochs_2021-07-28_17.34.52,P-1,2089,8245,1,0.09258200376624362,"[{'start_idx': 4270, 'end_idx': 4339, 'score': 2.2058386467726567}, {'start_idx': 4340, 'end_idx': 4409, 'score': 2.1829401286195442}, {'start_idx': 4410, 'end_idx': 4479, 'score': 2.1630481423819483}]",0,2,4,1,[],"[(4520, 4729)]",3,"[{'start_idx': 4270, 'end_idx': 4339, 'score': 2.2058386467726567}, {'start_idx': 4340, 'end_idx': 4409, 'score': 2.1829401286195442}, {'start_idx': 4410, 'end_idx': 4479, 'score': 2.1630481423819483}]",SMAP,"[[2149, 2349], [4536, 4844], [3539, 3779]]","[contextual, contextual, contextual]"
ESN_100Epochs_2021-07-28_17.34.52,S-1,2046,7071,1,0.26319053942722176,"[{'start_idx': 3780, 'end_idx': 3780, 'score': 0.11862182931302204}, {'start_idx': 5040, 'end_idx': 5109, 'score': 1.3724516099693052}, {'start_idx': 5110, 'end_idx': 5179, 'score': 4.979681954742526}, {'start_idx': 5180, 'end_idx': 5249, 'score': 6.050293397248083}, {'start_idx': 5250, 'end_idx': 5319, 'score': 6.106047274262086}, {'start_idx': 5320, 'end_idx': 5389, 'score': 5.6384284203211745}]",0,0,2,1,[],"[(5290, 5639)]",1,"[{'start_idx': 3780, 'end_idx': 3780, 'score': 0.11862182931302204}, {'start_idx': 5040, 'end_idx': 5109, 'score': 1.3724516099693052}, {'start_idx': 5110, 'end_idx': 5179, 'score': 4.979681954742526}, {'start_idx': 5180, 'end_idx': 5249, 'score': 6.050293397248083}, {'start_idx': 5250, 'end_idx': 5319, 'score': 6.106047274262086}, {'start_idx': 5320, 'end_idx': 5389, 'score': 5.6384284203211745}]",SMAP,"[[5300, 5747]]",[point]
ESN_100Epochs_2021-07-28_17.34.52,E-1,2096,8256,2,0.16694539769968372,"[{'start_idx': 5320, 'end_idx': 5389, 'score': 1.7831100265416702}, {'start_idx': 5390, 'end_idx': 5459, 'score': 2.449709147924903}, {'start_idx': 5460, 'end_idx': 5529, 'score': 2.866685803730747}, {'start_idx': 5530, 'end_idx': 5599, 'score': 3.2468835349545313}, {'start_idx': 5600, 'end_idx': 5669, 'score': 3.3976675937334937}, {'start_idx': 5880, 'end_idx': 5949, 'score': 3.157646753629083}]",1,1,2,1,"[[6130, 6199]]","[(5570, 5919)]",2,"[{'start_idx': 5320, 'end_idx': 5389, 'score': 1.7831100265416702}, {'start_idx': 5390, 'end_idx': 5459, 'score': 2.449709147924903}, {'start_idx': 5460, 'end_idx': 5529, 'score': 2.866685803730747}, {'start_idx': 5530, 'end_idx': 5599, 'score': 3.2468835349545313}, {'start_idx': 5600, 'end_idx': 5669, 'score': 3.3976675937334937}, {'start_idx': 5880, 'end_idx': 5949, 'score': 3.157646753629083}]",SMAP,"[[5000, 5030], [5610, 6086]]","[contextual, contextual]"
ESN_100Epochs_2021-07-28_17.34.52,E-2,2096,8272,1,0.07517643602213636,"[{'start_idx': 5320, 'end_idx': 5389, 'score': 2.9331295834469167}, {'start_idx': 5390, 'end_idx': 5459, 'score': 6.3957051252828085}, {'start_idx': 5460, 'end_idx': 5529, 'score': 7.451751943408752}, {'start_idx': 5530, 'end_idx': 5599, 'score': 7.477995188503184}, {'start_idx': 5600, 'end_idx': 5669, 'score': 7.046278288326705}, {'start_idx': 5670, 'end_idx': 5712, 'score': 5.841059440395698}]",0,0,2,1,[],"[(5570, 5962)]",1,"[{'start_idx': 5320, 'end_idx': 5389, 'score': 2.9331295834469167}, {'start_idx': 5390, 'end_idx': 5459, 'score': 6.3957051252828085}, {'start_idx': 5460, 'end_idx': 5529, 'score': 7.451751943408752}, {'start_idx': 5530, 'end_idx': 5599, 'score': 7.477995188503184}, {'start_idx': 5600, 'end_idx': 5669, 'score': 7.046278288326705}, {'start_idx': 5670, 'end_idx': 5712, 'score': 5.841059440395698}]",SMAP,"[[5598, 6995]]",[point]
ESN_100Epochs_2021-07-28_17.34.52,E-3,2096,8047,1,0.03243218583993809,"[{'start_idx': 5320, 'end_idx': 5389, 'score': 3.3029749944815885}, {'start_idx': 5390, 'end_idx': 5459, 'score': 3.7081727980420927}, {'start_idx': 5460, 'end_idx': 5529, 'score': 3.1911259652747326}]",0,0,2,1,[],"[(5570, 5779)]",1,"[{'start_idx': 5320, 'end_idx': 5389, 'score': 3.3029749944815885}, {'start_idx': 5390, 'end_idx': 5459, 'score': 3.7081727980420927}, {'start_idx': 5460, 'end_idx': 5529, 'score': 3.1911259652747326}]",SMAP,"[[5094, 8306]]",[point]
ESN_100Epochs_2021-07-28_17.34.52,E-4,2096,8094,3,0.04684698567597625,"[{'start_idx': 1521, 'end_idx': 1760, 'score': 3.0356627103290275}, {'start_idx': 7350, 'end_idx': 7419, 'score': 3.8701027277676214}, {'start_idx': 7490, 'end_idx': 7559, 'score': 3.7780439420749987}]",1,0,1,1,"[[1771, 2010]]","[(7600, 7669), (7740, 7809)]",1,"[{'start_idx': 1521, 'end_idx': 1760, 'score': 3.0356627103290275}, {'start_idx': 7350, 'end_idx': 7419, 'score': 3.8701027277676214}, {'start_idx': 7490, 'end_idx': 7559, 'score': 3.7780439420749987}]",SMAP,"[[5450, 8261]]",[point]
ESN_100Epochs_2021-07-28_17.34.52,E-5,2096,8034,2,0.08103603868494179,"[{'start_idx': 4760, 'end_idx': 4829, 'score': 4.1101029836251906}, {'start_idx': 5320, 'end_idx': 5389, 'score': 4.331075504105727}]",1,0,1,1,"[[5010, 5079]]","[(5570, 5639)]",1,"[{'start_idx': 4760, 'end_idx': 4829, 'score': 4.1101029836251906}, {'start_idx': 5320, 'end_idx': 5389, 'score': 4.331075504105727}]",SMAP,"[[5600, 5920]]",[point]
ESN_100Epochs_2021-07-28_17.34.52,E-6,2096,8040,1,0.003341499389283216,"[{'start_idx': 5320, 'end_idx': 5389, 'score': 19.289086432946217}, {'start_idx': 5390, 'end_idx': 5459, 'score': 14.240975516453663}, {'start_idx': 5460, 'end_idx': 5529, 'score': 10.196358377316406}, {'start_idx': 5530, 'end_idx': 5535, 'score': 9.165641909408174}]",0,0,2,1,[],"[(5570, 5785)]",1,"[{'start_idx': 5320, 'end_idx': 5389, 'score': 19.289086432946217}, {'start_idx': 5390, 'end_idx': 5459, 'score': 14.240975516453663}, {'start_idx': 5460, 'end_idx': 5529, 'score': 10.196358377316406}, {'start_idx': 5530, 'end_idx': 5535, 'score': 9.165641909408174}]",SMAP,"[[5610, 5675]]",[point]
ESN_100Epochs_2021-07-28_17.34.52,E-7,2007,8050,1,0.01752708023477855,"[{'start_idx': 5180, 'end_idx': 5249, 'score': 11.767557965085931}, {'start_idx': 5250, 'end_idx': 5319, 'score': 9.423124038118084}, {'start_idx': 5320, 'end_idx': 5389, 'score': 10.7137452386456}, {'start_idx': 5390, 'end_idx': 5459, 'score': 9.557230194377363}, {'start_idx': 5460, 'end_idx': 5514, 'score': 7.538679075561442}]",0,0,2,1,[],"[(5430, 5764)]",1,"[{'start_idx': 5180, 'end_idx': 5249, 'score': 11.767557965085931}, {'start_idx': 5250, 'end_idx': 5319, 'score': 9.423124038118084}, {'start_idx': 5320, 'end_idx': 5389, 'score': 10.7137452386456}, {'start_idx': 5390, 'end_idx': 5459, 'score': 9.557230194377363}, {'start_idx': 5460, 'end_idx': 5514, 'score': 7.538679075561442}]",SMAP,"[[5394, 5674]]",[point]
ESN_100Epochs_2021-07-28_17.34.52,E-8,2096,8272,3,0.04492307726610667,"[{'start_idx': 500, 'end_idx': 697, 'score': 4.145548914454313}, {'start_idx': 5390, 'end_idx': 5459, 'score': 4.070632176132996}, {'start_idx': 5460, 'end_idx': 5529, 'score': 5.089661503092143}, {'start_idx': 5530, 'end_idx': 5599, 'score': 5.624298974417013}, {'start_idx': 5600, 'end_idx': 5669, 'score': 5.525485362776289}, {'start_idx': 7770, 'end_idx': 7839, 'score': 1.1081027054674022}, {'start_idx': 7840, 'end_idx': 7909, 'score': 1.136477834829029}]",2,0,0,1,"[[750, 947], [8020, 8159]]","[(5640, 5919)]",1,"[{'start_idx': 500, 'end_idx': 697, 'score': 4.145548914454313}, {'start_idx': 5390, 'end_idx': 5459, 'score': 4.070632176132996}, {'start_idx': 5460, 'end_idx': 5529, 'score': 5.089661503092143}, {'start_idx': 5530, 'end_idx': 5599, 'score': 5.624298974417013}, {'start_idx': 5600, 'end_idx': 5669, 'score': 5.525485362776289}, {'start_idx': 7770, 'end_idx': 7839, 'score': 1.1081027054674022}, {'start_idx': 7840, 'end_idx': 7909, 'score': 1.136477834829029}]",SMAP,"[[5400, 6022]]",[point]
ESN_100Epochs_2021-07-28_17.34.52,E-9,2096,8042,2,0.052167797433482856,"[{'start_idx': 5320, 'end_idx': 5389, 'score': 1.5872616752808582}, {'start_idx': 5390, 'end_idx': 5459, 'score': 1.4798801167821236}, {'start_idx': 5460, 'end_idx': 5529, 'score': 0.7635428408748611}, {'start_idx': 5530, 'end_idx': 5599, 'score': 0.8170777452526956}, {'start_idx': 5600, 'end_idx': 5669, 'score': 0.9083571324252068}, {'start_idx': 5740, 'end_idx': 5809, 'score': 0.8324728879382729}, {'start_idx': 5810, 'end_idx': 5879, 'score': 0.7886191817096568}]",1,0,1,1,"[[5990, 6129]]","[(5570, 5919)]",1,"[{'start_idx': 5320, 'end_idx': 5389, 'score': 1.5872616752808582}, {'start_idx': 5390, 'end_idx': 5459, 'score': 1.4798801167821236}, {'start_idx': 5460, 'end_idx': 5529, 'score': 0.7635428408748611}, {'start_idx': 5530, 'end_idx': 5599, 'score': 0.8170777452526956}, {'start_idx': 5600, 'end_idx': 5669, 'score': 0.9083571324252068}, {'start_idx': 5740, 'end_idx': 5809, 'score': 0.8324728879382729}, {'start_idx': 5810, 'end_idx': 5879, 'score': 0.7886191817096568}]",SMAP,"[[5550, 5900]]",[point]
ESN_100Epochs_2021-07-28_17.34.52,E-10,2096,8245,3,0.15453065555712062,"[{'start_idx': 1428, 'end_idx': 1741, 'score': 3.2452789927729513}, {'start_idx': 1914, 'end_idx': 2099, 'score': 3.050924147937641}, {'start_idx': 5320, 'end_idx': 5389, 'score': 4.367079184669426}, {'start_idx': 5390, 'end_idx': 5459, 'score': 6.596645241722194}, {'start_idx': 5460, 'end_idx': 5529, 'score': 7.1539255588737305}, {'start_idx': 5530, 'end_idx': 5599, 'score': 7.181147173947719}, {'start_idx': 5600, 'end_idx': 5669, 'score': 6.974948924832461}]",2,1,1,1,"[[1678, 1991], [2164, 2349]]","[(5570, 5919)]",2,"[{'start_idx': 1428, 'end_idx': 1741, 'score': 3.2452789927729513}, {'start_idx': 1914, 'end_idx': 2099, 'score': 3.050924147937641}, {'start_idx': 5320, 'end_idx': 5389, 'score': 4.367079184669426}, {'start_idx': 5390, 'end_idx': 5459, 'score': 6.596645241722194}, {'start_idx': 5460, 'end_idx': 5529, 'score': 7.1539255588737305}, {'start_idx': 5530, 'end_idx': 5599, 'score': 7.181147173947719}, {'start_idx': 5600, 'end_idx': 5669, 'score': 6.974948924832461}]",SMAP,"[[5000, 5050], [5601, 5871]]","[contextual, contextual]"
ESN_100Epochs_2021-07-28_17.34.52,E-11,2096,8254,2,0.09489249599462986,"[{'start_idx': 1522, 'end_idx': 1736, 'score': 4.193333679486303}, {'start_idx': 5320, 'end_idx': 5389, 'score': 4.716332101382274}, {'start_idx': 5390, 'end_idx': 5459, 'score': 6.0672765948614344}, {'start_idx': 5460, 'end_idx': 5529, 'score': 6.574396921197536}, {'start_idx': 5530, 'end_idx': 5599, 'score': 6.670758036303779}, {'start_idx': 5600, 'end_idx': 5669, 'score': 6.5085165883678}]",1,1,2,1,"[[1772, 1986]]","[(5570, 5919)]",2,"[{'start_idx': 1522, 'end_idx': 1736, 'score': 4.193333679486303}, {'start_idx': 5320, 'end_idx': 5389, 'score': 4.716332101382274}, {'start_idx': 5390, 'end_idx': 5459, 'score': 6.0672765948614344}, {'start_idx': 5460, 'end_idx': 5529, 'score': 6.574396921197536}, {'start_idx': 5530, 'end_idx': 5599, 'score': 6.670758036303779}, {'start_idx': 5600, 'end_idx': 5669, 'score': 6.5085165883678}]",SMAP,"[[5000, 5050], [5614, 5857]]","[contextual, contextual]"
ESN_100Epochs_2021-07-28_17.34.52,E-12,2096,8252,3,0.11075471351083141,"[{'start_idx': 5180, 'end_idx': 5249, 'score': 3.7592251018052347}, {'start_idx': 5250, 'end_idx': 5319, 'score': 3.743145864594514}, {'start_idx': 5320, 'end_idx': 5389, 'score': 4.068528532726105}, {'start_idx': 5600, 'end_idx': 5669, 'score': 4.418412711755035}, {'start_idx': 5740, 'end_idx': 5809, 'score': 4.390976531888841}, {'start_idx': 5810, 'end_idx': 5879, 'score': 5.232334524859115}, {'start_idx': 5880, 'end_idx': 5949, 'score': 5.837682340286043}, {'start_idx': 5950, 'end_idx': 6019, 'score': 5.399110850008366}, {'start_idx': 6020, 'end_idx': 6089, 'score': 5.512806999439525}, {'start_idx': 6090, 'end_idx': 6159, 'score': 5.880682285325625}, {'start_idx': 6160, 'end_idx': 6229, 'score': 6.0446292754633415}, {'start_idx': 6230, 'end_idx': 6299, 'score': 5.854119437512829}, {'start_idx': 6300, 'end_idx': 6346, 'score': 5.22804774117857}]",0,1,3,1,[],"[(5430, 5639), (5850, 5919), (5990, 6596)]",2,"[{'start_idx': 5180, 'end_idx': 5249, 'score': 3.7592251018052347}, {'start_idx': 5250, 'end_idx': 5319, 'score': 3.743145864594514}, {'start_idx': 5320, 'end_idx': 5389, 'score': 4.068528532726105}, {'start_idx': 5600, 'end_idx': 5669, 'score': 4.418412711755035}, {'start_idx': 5740, 'end_idx': 5809, 'score': 4.390976531888841}, {'start_idx': 5810, 'end_idx': 5879, 'score': 5.232334524859115}, {'start_idx': 5880, 'end_idx': 5949, 'score': 5.837682340286043}, {'start_idx': 5950, 'end_idx': 6019, 'score': 5.399110850008366}, {'start_idx': 6020, 'end_idx': 6089, 'score': 5.512806999439525}, {'start_idx': 6090, 'end_idx': 6159, 'score': 5.880682285325625}, {'start_idx': 6160, 'end_idx': 6229, 'score': 6.0446292754633415}, {'start_idx': 6230, 'end_idx': 6299, 'score': 5.854119437512829}, {'start_idx': 6300, 'end_idx': 6346, 'score': 5.22804774117857}]",SMAP,"[[5610, 6141], [5000, 5050]]","[contextual, contextual]"
ESN_100Epochs_2021-07-28_17.34.52,E-13,2096,8380,1,0.11175984927293384,"[{'start_idx': 3710, 'end_idx': 3779, 'score': 2.2630659539873434}]",1,3,3,0,"[[3960, 4029]]",[],3,"[{'start_idx': 3710, 'end_idx': 3779, 'score': 2.2630659539873434}]",SMAP,"[[5309, 5410], [5600, 5640], [6449, 6569]]","[contextual, contextual, contextual]"
ESN_100Epochs_2021-07-28_17.34.52,A-1,2096,8380,0,0.0038592418153416855,[],0,1,2,0,[],[],1,[],SMAP,"[[4690, 4774]]",[point]
ESN_100Epochs_2021-07-28_17.34.52,D-1,2071,8249,3,0.17576514347946479,"[{'start_idx': 1483, 'end_idx': 1764, 'score': 2.229860799863487}, {'start_idx': 4970, 'end_idx': 5039, 'score': 2.078931369463152}, {'start_idx': 5040, 'end_idx': 5109, 'score': 2.218326857936238}, {'start_idx': 5320, 'end_idx': 5389, 'score': 7.988108291948178}, {'start_idx': 5390, 'end_idx': 5459, 'score': 9.530175580817511}, {'start_idx': 5460, 'end_idx': 5529, 'score': 9.350708150927852}, {'start_idx': 5530, 'end_idx': 5599, 'score': 9.168668979443103}, {'start_idx': 5600, 'end_idx': 5669, 'score': 8.768401542983625}]",1,0,1,1,"[[1733, 2014]]","[(5220, 5359), (5570, 5919)]",1,"[{'start_idx': 1483, 'end_idx': 1764, 'score': 2.229860799863487}, {'start_idx': 4970, 'end_idx': 5039, 'score': 2.078931369463152}, {'start_idx': 5040, 'end_idx': 5109, 'score': 2.218326857936238}, {'start_idx': 5320, 'end_idx': 5389, 'score': 7.988108291948178}, {'start_idx': 5390, 'end_idx': 5459, 'score': 9.530175580817511}, {'start_idx': 5460, 'end_idx': 5529, 'score': 9.350708150927852}, {'start_idx': 5530, 'end_idx': 5599, 'score': 9.168668979443103}, {'start_idx': 5600, 'end_idx': 5669, 'score': 8.768401542983625}]",SMAP,"[[5250, 8508]]",[point]
ESN_100Epochs_2021-07-28_17.34.52,P-2,2048,7949,1,0.45456812736402585,"[{'start_idx': 5040, 'end_idx': 5109, 'score': 0.567800974245749}, {'start_idx': 5110, 'end_idx': 5179, 'score': 2.0054630193680807}, {'start_idx': 5180, 'end_idx': 5249, 'score': 2.614012384011748}, {'start_idx': 5250, 'end_idx': 5319, 'score': 2.909376782614211}, {'start_idx': 5320, 'end_idx': 5389, 'score': 3.2739806253958816}, {'start_idx': 5390, 'end_idx': 5459, 'score': 3.3493993663075163}, {'start_idx': 5460, 'end_idx': 5529, 'score': 3.4185229465866787}]",0,0,2,1,[],"[(5290, 5779)]",1,"[{'start_idx': 5040, 'end_idx': 5109, 'score': 0.567800974245749}, {'start_idx': 5110, 'end_idx': 5179, 'score': 2.0054630193680807}, {'start_idx': 5180, 'end_idx': 5249, 'score': 2.614012384011748}, {'start_idx': 5250, 'end_idx': 5319, 'score': 2.909376782614211}, {'start_idx': 5320, 'end_idx': 5389, 'score': 3.2739806253958816}, {'start_idx': 5390, 'end_idx': 5459, 'score': 3.3493993663075163}, {'start_idx': 5460, 'end_idx': 5529, 'score': 3.4185229465866787}]",SMAP,"[[5350, 6575]]",[point]
ESN_100Epochs_2021-07-28_17.34.52,P-3,2076,8233,2,0.1386460081833624,"[{'start_idx': 5110, 'end_idx': 5179, 'score': 0.6924339422593623}, {'start_idx': 5180, 'end_idx': 5249, 'score': 1.300576216511995}, {'start_idx': 5250, 'end_idx': 5319, 'score': 1.5943122614827283}, {'start_idx': 5320, 'end_idx': 5389, 'score': 1.396687196246784}, {'start_idx': 5530, 'end_idx': 5599, 'score': 2.037112764451954}, {'start_idx': 5600, 'end_idx': 5669, 'score': 2.459717056442226}, {'start_idx': 5670, 'end_idx': 5739, 'score': 2.583792799676053}]",0,0,2,1,[],"[(5360, 5639), (5780, 5989)]",1,"[{'start_idx': 5110, 'end_idx': 5179, 'score': 0.6924339422593623}, {'start_idx': 5180, 'end_idx': 5249, 'score': 1.300576216511995}, {'start_idx': 5250, 'end_idx': 5319, 'score': 1.5943122614827283}, {'start_idx': 5320, 'end_idx': 5389, 'score': 1.396687196246784}, {'start_idx': 5530, 'end_idx': 5599, 'score': 2.037112764451954}, {'start_idx': 5600, 'end_idx': 5669, 'score': 2.459717056442226}, {'start_idx': 5670, 'end_idx': 5739, 'score': 2.583792799676053}]",SMAP,"[[5401, 6736]]",[point]
ESN_100Epochs_2021-07-28_17.34.52,D-2,2096,8335,3,0.4710992499032847,"[{'start_idx': 4410, 'end_idx': 4479, 'score': 19.995537839023815}, {'start_idx': 4480, 'end_idx': 4549, 'score': 14.61747882551194}, {'start_idx': 4550, 'end_idx': 4619, 'score': 12.510180709450806}, {'start_idx': 4620, 'end_idx': 4689, 'score': 11.292397898303365}, {'start_idx': 4690, 'end_idx': 4759, 'score': 10.458773705192826}, {'start_idx': 8190, 'end_idx': 8259, 'score': 0.4011845797599224}, {'start_idx': 8265, 'end_idx': 8334, 'score': 2.0071339324034314}]",0,0,2,1,[],"[(4660, 5009), (8440, 8509), (8515, 8584)]",1,"[{'start_idx': 4410, 'end_idx': 4479, 'score': 19.995537839023815}, {'start_idx': 4480, 'end_idx': 4549, 'score': 14.61747882551194}, {'start_idx': 4550, 'end_idx': 4619, 'score': 12.510180709450806}, {'start_idx': 4620, 'end_idx': 4689, 'score': 11.292397898303365}, {'start_idx': 4690, 'end_idx': 4759, 'score': 10.458773705192826}, {'start_idx': 8190, 'end_idx': 8259, 'score': 0.4011845797599224}, {'start_idx': 8265, 'end_idx': 8334, 'score': 2.0071339324034314}]",SMAP,"[[4319, 8536]]",[point]
ESN_100Epochs_2021-07-28_17.34.52,D-3,2096,8380,1,0.22194401913366732,"[{'start_idx': 5040, 'end_idx': 5109, 'score': 5.904792561133747}, {'start_idx': 5110, 'end_idx': 5179, 'score': 10.928010854368784}, {'start_idx': 5180, 'end_idx': 5249, 'score': 11.05808398130177}, {'start_idx': 5250, 'end_idx': 5319, 'score': 10.68312011462728}, {'start_idx': 5320, 'end_idx': 5389, 'score': 10.232227752024615}, {'start_idx': 5390, 'end_idx': 5459, 'score': 9.835713447751399}, {'start_idx': 5460, 'end_idx': 5529, 'score': 9.491045949786232}, {'start_idx': 5530, 'end_idx': 5599, 'score': 9.20332819101159}, {'start_idx': 5600, 'end_idx': 5669, 'score': 8.910562913984444}, {'start_idx': 5670, 'end_idx': 5739, 'score': 8.607632079999254}]",0,0,2,1,[],"[(5290, 5989)]",1,"[{'start_idx': 5040, 'end_idx': 5109, 'score': 5.904792561133747}, {'start_idx': 5110, 'end_idx': 5179, 'score': 10.928010854368784}, {'start_idx': 5180, 'end_idx': 5249, 'score': 11.05808398130177}, {'start_idx': 5250, 'end_idx': 5319, 'score': 10.68312011462728}, {'start_idx': 5320, 'end_idx': 5389, 'score': 10.232227752024615}, {'start_idx': 5390, 'end_idx': 5459, 'score': 9.835713447751399}, {'start_idx': 5460, 'end_idx': 5529, 'score': 9.491045949786232}, {'start_idx': 5530, 'end_idx': 5599, 'score': 9.20332819101159}, {'start_idx': 5600, 'end_idx': 5669, 'score': 8.910562913984444}, {'start_idx': 5670, 'end_idx': 5739, 'score': 8.607632079999254}]",SMAP,"[[5225, 8500]]",[point]
ESN_100Epochs_2021-07-28_17.34.52,D-4,2058,8213,1,0.22430151644481522,"[{'start_idx': 4970, 'end_idx': 5039, 'score': 8.808759960111905}, {'start_idx': 5040, 'end_idx': 5109, 'score': 11.961024830733662}, {'start_idx': 5110, 'end_idx': 5179, 'score': 11.558670271851065}, {'start_idx': 5180, 'end_idx': 5249, 'score': 10.989135457474692}, {'start_idx': 5250, 'end_idx': 5319, 'score': 10.466005407701552}, {'start_idx': 5320, 'end_idx': 5389, 'score': 10.01432321636976}, {'start_idx': 5390, 'end_idx': 5459, 'score': 9.610798388223877}, {'start_idx': 5460, 'end_idx': 5529, 'score': 9.314953787175083}, {'start_idx': 5530, 'end_idx': 5599, 'score': 8.997370988913497}, {'start_idx': 5600, 'end_idx': 5669, 'score': 8.683363136070625}]",0,0,2,1,[],"[(5220, 5919)]",1,"[{'start_idx': 4970, 'end_idx': 5039, 'score': 8.808759960111905}, {'start_idx': 5040, 'end_idx': 5109, 'score': 11.961024830733662}, {'start_idx': 5110, 'end_idx': 5179, 'score': 11.558670271851065}, {'start_idx': 5180, 'end_idx': 5249, 'score': 10.989135457474692}, {'start_idx': 5250, 'end_idx': 5319, 'score': 10.466005407701552}, {'start_idx': 5320, 'end_idx': 5389, 'score': 10.01432321636976}, {'start_idx': 5390, 'end_idx': 5459, 'score': 9.610798388223877}, {'start_idx': 5460, 'end_idx': 5529, 'score': 9.314953787175083}, {'start_idx': 5530, 'end_idx': 5599, 'score': 8.997370988913497}, {'start_idx': 5600, 'end_idx': 5669, 'score': 8.683363136070625}]",SMAP,"[[5225, 8472]]",[point]
ESN_100Epochs_2021-07-28_17.34.52,A-2,1910,7654,0,0.09439628364454926,[],0,1,2,0,[],[],1,[],SMAP,"[[4450, 4560]]",[contextual]
ESN_100Epochs_2021-07-28_17.34.52,A-3,1980,7945,1,0.05145164877984856,"[{'start_idx': 4340, 'end_idx': 4409, 'score': 2.371780303031164}, {'start_idx': 4410, 'end_idx': 4479, 'score': 2.0863355668132333}]",0,0,2,1,[],"[(4590, 4729)]",1,"[{'start_idx': 4340, 'end_idx': 4409, 'score': 2.371780303031164}, {'start_idx': 4410, 'end_idx': 4479, 'score': 2.0863355668132333}]",SMAP,"[[4575, 4760]]",[contextual]
ESN_100Epochs_2021-07-28_17.34.52,A-4,1944,7820,1,0.06129129623660311,"[{'start_idx': 4270, 'end_idx': 4339, 'score': 1.725356871549599}, {'start_idx': 4340, 'end_idx': 4409, 'score': 1.5637408660543348}]",0,0,2,1,[],"[(4520, 4659)]",1,"[{'start_idx': 4270, 'end_idx': 4339, 'score': 1.725356871549599}, {'start_idx': 4340, 'end_idx': 4409, 'score': 1.5637408660543348}]",SMAP,"[[4550, 4660]]",[contextual]
ESN_100Epochs_2021-07-28_17.34.52,G-1,2048,8209,1,0.04056650330924591,"[{'start_idx': 4550, 'end_idx': 4619, 'score': 0.7969931077284196}, {'start_idx': 4620, 'end_idx': 4689, 'score': 0.8062968424873371}]",0,0,2,1,[],"[(4800, 4939)]",1,"[{'start_idx': 4550, 'end_idx': 4619, 'score': 0.7969931077284196}, {'start_idx': 4620, 'end_idx': 4689, 'score': 0.8062968424873371}]",SMAP,"[[4770, 4890]]",[contextual]
ESN_100Epochs_2021-07-28_17.34.52,G-2,1774,7101,1,0.0185508600944634,"[{'start_idx': 3780, 'end_idx': 3849, 'score': 2.048619928739446}, {'start_idx': 3850, 'end_idx': 3919, 'score': 1.387341825784535}]",0,0,2,1,[],"[(4030, 4169)]",1,"[{'start_idx': 3780, 'end_idx': 3849, 'score': 2.048619928739446}, {'start_idx': 3850, 'end_idx': 3919, 'score': 1.387341825784535}]",SMAP,"[[4030, 4070]]",[point]
ESN_100Epochs_2021-07-28_17.34.52,D-5,1840,7368,0,1.0191547045382197,[],0,1,2,0,[],[],1,[],SMAP,"[[4800, 4850]]",[point]
ESN_100Epochs_2021-07-28_17.34.52,D-6,1867,7624,1,0.045268178971596885,"[{'start_idx': 4620, 'end_idx': 4689, 'score': 3.1350523577426843}, {'start_idx': 4690, 'end_idx': 4759, 'score': 3.1172025438422546}]",0,0,2,1,[],"[(4870, 5009)]",1,"[{'start_idx': 4620, 'end_idx': 4689, 'score': 3.1350523577426843}, {'start_idx': 4690, 'end_idx': 4759, 'score': 3.1172025438422546}]",SMAP,"[[4870, 4950]]",[point]
ESN_100Epochs_2021-07-28_17.34.52,D-7,1858,7382,2,0.18225348356276533,"[{'start_idx': 4760, 'end_idx': 4829, 'score': 13.185798200297542}, {'start_idx': 4830, 'end_idx': 4899, 'score': 12.520783460683544}, {'start_idx': 4900, 'end_idx': 4969, 'score': 11.28706376927696}, {'start_idx': 4970, 'end_idx': 5039, 'score': 10.471437294269593}, {'start_idx': 5040, 'end_idx': 5109, 'score': 9.83751660857911}, {'start_idx': 5180, 'end_idx': 5249, 'score': 9.788808552861147}, {'start_idx': 5250, 'end_idx': 5319, 'score': 9.593906748252142}, {'start_idx': 5320, 'end_idx': 5389, 'score': 9.14946550915867}, {'start_idx': 5390, 'end_idx': 5459, 'score': 8.728912868475478}, {'start_idx': 5460, 'end_idx': 5529, 'score': 8.852456860023334}, {'start_idx': 5530, 'end_idx': 5599, 'score': 8.635765352722327}]",0,0,2,1,[],"[(5010, 5359), (5430, 5849)]",1,"[{'start_idx': 4760, 'end_idx': 4829, 'score': 13.185798200297542}, {'start_idx': 4830, 'end_idx': 4899, 'score': 12.520783460683544}, {'start_idx': 4900, 'end_idx': 4969, 'score': 11.28706376927696}, {'start_idx': 4970, 'end_idx': 5039, 'score': 10.471437294269593}, {'start_idx': 5040, 'end_idx': 5109, 'score': 9.83751660857911}, {'start_idx': 5180, 'end_idx': 5249, 'score': 9.788808552861147}, {'start_idx': 5250, 'end_idx': 5319, 'score': 9.593906748252142}, {'start_idx': 5320, 'end_idx': 5389, 'score': 9.14946550915867}, {'start_idx': 5390, 'end_idx': 5459, 'score': 8.728912868475478}, {'start_idx': 5460, 'end_idx': 5529, 'score': 8.852456860023334}, {'start_idx': 5530, 'end_idx': 5599, 'score': 8.635765352722327}]",SMAP,"[[4940, 7641]]",[point]
ESN_100Epochs_2021-07-28_17.34.52,F-1,2087,8324,2,0.06778947343718629,"[{'start_idx': 576, 'end_idx': 779, 'score': 1.4354414754999454}, {'start_idx': 7280, 'end_idx': 7349, 'score': 1.7970959148201606}]",2,1,0,0,"[[826, 1029], [7530, 7599]]",[],1,"[{'start_idx': 576, 'end_idx': 779, 'score': 1.4354414754999454}, {'start_idx': 7280, 'end_idx': 7349, 'score': 1.7970959148201606}]",SMAP,"[[5392, 5492]]",[point]
ESN_100Epochs_2021-07-28_17.34.52,P-4,1879,7523,3,0.0024164851819773263,"[{'start_idx': 680, 'end_idx': 932, 'score': 13.03558167645138}, {'start_idx': 1920, 'end_idx': 2099, 'score': 10.926681076199788}, {'start_idx': 4550, 'end_idx': 4619, 'score': 17.790894645825407}, {'start_idx': 4620, 'end_idx': 4689, 'score': 12.13049715721592}, {'start_idx': 4690, 'end_idx': 4729, 'score': 10.065863931994071}]",0,0,4,3,[],"[(930, 1182), (2170, 2349), (4800, 4979)]",3,"[{'start_idx': 680, 'end_idx': 932, 'score': 13.03558167645138}, {'start_idx': 1920, 'end_idx': 2099, 'score': 10.926681076199788}, {'start_idx': 4550, 'end_idx': 4619, 'score': 17.790894645825407}, {'start_idx': 4620, 'end_idx': 4689, 'score': 12.13049715721592}, {'start_idx': 4690, 'end_idx': 4729, 'score': 10.065863931994071}]",SMAP,"[[950, 1080], [2150, 2350], [4770, 4880]]","[point, point, point]"
ESN_100Epochs_2021-07-28_17.34.52,G-3,1891,7647,0,0.0035378193347083363,[],0,1,2,0,[],[],1,[],SMAP,"[[4200, 4250]]",[point]
ESN_100Epochs_2021-07-28_17.34.52,T-1,2092,8352,2,0.06406837125346887,"[{'start_idx': 2310, 'end_idx': 2379, 'score': 1.557127680553189}, {'start_idx': 2380, 'end_idx': 2449, 'score': 1.6555995914986767}, {'start_idx': 2450, 'end_idx': 2519, 'score': 1.6732599472887884}, {'start_idx': 2520, 'end_idx': 2589, 'score': 1.742150056618004}, {'start_idx': 2590, 'end_idx': 2659, 'score': 1.799004692146785}, {'start_idx': 2660, 'end_idx': 2729, 'score': 1.8024603876039496}, {'start_idx': 2730, 'end_idx': 2799, 'score': 1.8757332553476258}, {'start_idx': 2800, 'end_idx': 2845, 'score': 1.9195880773235467}, {'start_idx': 6300, 'end_idx': 6369, 'score': 1.612074979983739}]",0,0,3,2,[],"[(2560, 3095), (6550, 6619)]",2,"[{'start_idx': 2310, 'end_idx': 2379, 'score': 1.557127680553189}, {'start_idx': 2380, 'end_idx': 2449, 'score': 1.6555995914986767}, {'start_idx': 2450, 'end_idx': 2519, 'score': 1.6732599472887884}, {'start_idx': 2520, 'end_idx': 2589, 'score': 1.742150056618004}, {'start_idx': 2590, 'end_idx': 2659, 'score': 1.799004692146785}, {'start_idx': 2660, 'end_idx': 2729, 'score': 1.8024603876039496}, {'start_idx': 2730, 'end_idx': 2799, 'score': 1.8757332553476258}, {'start_idx': 2800, 'end_idx': 2845, 'score': 1.9195880773235467}, {'start_idx': 6300, 'end_idx': 6369, 'score': 1.612074979983739}]",SMAP,"[[2399, 3898], [6550, 6585]]","[point, contextual]"
ESN_100Epochs_2021-07-28_17.34.52,T-2,2076,8365,0,0.021138300673882063,[],0,1,2,0,[],[],1,[],SMAP,"[[6840, 8624]]",[point]
ESN_100Epochs_2021-07-28_17.34.52,D-8,1873,7614,1,0.012464284720713929,"[{'start_idx': 4130, 'end_idx': 4199, 'score': 2.940825652070133}, {'start_idx': 4200, 'end_idx': 4269, 'score': 2.0311132031043715}]",0,0,2,1,[],"[(4380, 4519)]",1,"[{'start_idx': 4130, 'end_idx': 4199, 'score': 2.940825652070133}, {'start_idx': 4200, 'end_idx': 4269, 'score': 2.0311132031043715}]",SMAP,"[[4370, 4420]]",[point]
ESN_100Epochs_2021-07-28_17.34.52,D-9,1858,7146,1,0.09091019702790132,"[{'start_idx': 6160, 'end_idx': 6229, 'score': 35.785472585421545}, {'start_idx': 6230, 'end_idx': 6299, 'score': 16.55874202956853}, {'start_idx': 6300, 'end_idx': 6369, 'score': 13.417124508379016}, {'start_idx': 6370, 'end_idx': 6439, 'score': 11.854108902711095}, {'start_idx': 6440, 'end_idx': 6509, 'score': 10.858938554849196}, {'start_idx': 6510, 'end_idx': 6579, 'score': 10.1369119456791}]",0,0,2,1,[],"[(6410, 6829)]",1,"[{'start_idx': 6160, 'end_idx': 6229, 'score': 35.785472585421545}, {'start_idx': 6230, 'end_idx': 6299, 'score': 16.55874202956853}, {'start_idx': 6300, 'end_idx': 6369, 'score': 13.417124508379016}, {'start_idx': 6370, 'end_idx': 6439, 'score': 11.854108902711095}, {'start_idx': 6440, 'end_idx': 6509, 'score': 10.858938554849196}, {'start_idx': 6510, 'end_idx': 6579, 'score': 10.1369119456791}]",SMAP,"[[6250, 7405]]",[point]
ESN_100Epochs_2021-07-28_17.34.52,F-2,2080,8366,3,0.0496761330170804,"[{'start_idx': 5390, 'end_idx': 5459, 'score': 1.3945596084147893}, {'start_idx': 5810, 'end_idx': 5879, 'score': 1.9406427103063866}, {'start_idx': 5880, 'end_idx': 5949, 'score': 1.9687070686618369}, {'start_idx': 5950, 'end_idx': 6019, 'score': 1.7841464842256451}, {'start_idx': 6510, 'end_idx': 6579, 'score': 3.211647810190311}, {'start_idx': 6580, 'end_idx': 6649, 'score': 3.876883463968391}, {'start_idx': 6650, 'end_idx': 6719, 'score': 3.8475404031020424}, {'start_idx': 6720, 'end_idx': 6789, 'score': 3.957993101869099}]",0,0,2,1,[],"[(5640, 5709), (6060, 6269), (6760, 7039)]",1,"[{'start_idx': 5390, 'end_idx': 5459, 'score': 1.3945596084147893}, {'start_idx': 5810, 'end_idx': 5879, 'score': 1.9406427103063866}, {'start_idx': 5880, 'end_idx': 5949, 'score': 1.9687070686618369}, {'start_idx': 5950, 'end_idx': 6019, 'score': 1.7841464842256451}, {'start_idx': 6510, 'end_idx': 6579, 'score': 3.211647810190311}, {'start_idx': 6580, 'end_idx': 6649, 'score': 3.876883463968391}, {'start_idx': 6650, 'end_idx': 6719, 'score': 3.8475404031020424}, {'start_idx': 6720, 'end_idx': 6789, 'score': 3.957993101869099}]",SMAP,"[[5669, 8625]]",[point]
ESN_100Epochs_2021-07-28_17.34.52,G-4,1832,7372,1,0.0040415325078444215,"[{'start_idx': 4410, 'end_idx': 4479, 'score': 10.13139031012245}, {'start_idx': 4480, 'end_idx': 4549, 'score': 8.596331110592864}, {'start_idx': 4550, 'end_idx': 4619, 'score': 6.319526659631874}, {'start_idx': 4620, 'end_idx': 4620, 'score': 5.775295837242618}]",0,0,2,1,[],"[(4660, 4870)]",1,"[{'start_idx': 4410, 'end_idx': 4479, 'score': 10.13139031012245}, {'start_idx': 4480, 'end_idx': 4549, 'score': 8.596331110592864}, {'start_idx': 4550, 'end_idx': 4619, 'score': 6.319526659631874}, {'start_idx': 4620, 'end_idx': 4620, 'score': 5.775295837242618}]",SMAP,"[[4690, 4720]]",[point]
ESN_100Epochs_2021-07-28_17.34.52,T-3,2092,8319,2,0.006839854233827891,"[{'start_idx': 1807, 'end_idx': 2055, 'score': 4.850763453389278}, {'start_idx': 4970, 'end_idx': 5039, 'score': 4.9136759022702226}, {'start_idx': 5040, 'end_idx': 5109, 'score': 3.896332436601775}, {'start_idx': 5110, 'end_idx': 5156, 'score': 3.291096231960134}]",0,0,3,2,[],"[(2057, 2305), (5220, 5406)]",2,"[{'start_idx': 1807, 'end_idx': 2055, 'score': 4.850763453389278}, {'start_idx': 4970, 'end_idx': 5039, 'score': 4.9136759022702226}, {'start_idx': 5040, 'end_idx': 5109, 'score': 3.896332436601775}, {'start_idx': 5110, 'end_idx': 5156, 'score': 3.291096231960134}]",SMAP,"[[2098, 2180], [5200, 5300]]","[point, point]"
ESN_100Epochs_2021-07-28_17.34.52,D-11,1880,7171,1,0.02626268319414677,"[{'start_idx': 3990, 'end_idx': 4059, 'score': 2.1811220614033107}, {'start_idx': 4060, 'end_idx': 4129, 'score': 2.6058046853044625}, {'start_idx': 4130, 'end_idx': 4171, 'score': 1.7711576011185648}]",0,0,2,1,[],"[(4240, 4421)]",1,"[{'start_idx': 3990, 'end_idx': 4059, 'score': 2.1811220614033107}, {'start_idx': 4060, 'end_idx': 4129, 'score': 2.6058046853044625}, {'start_idx': 4130, 'end_idx': 4171, 'score': 1.7711576011185648}]",SMAP,"[[4270, 4330]]",[point]
ESN_100Epochs_2021-07-28_17.34.52,D-12,41,7658,3,0.16337893753252458,"[{'start_idx': 5110, 'end_idx': 5179, 'score': 19.45056884076659}, {'start_idx': 5180, 'end_idx': 5249, 'score': 14.438470327355345}, {'start_idx': 5250, 'end_idx': 5319, 'score': 12.421701857794972}, {'start_idx': 5320, 'end_idx': 5389, 'score': 11.239145914071385}, {'start_idx': 5390, 'end_idx': 5459, 'score': 10.421260213155879}, {'start_idx': 5670, 'end_idx': 5739, 'score': 9.451376827784658}, {'start_idx': 5740, 'end_idx': 5809, 'score': 9.146358303203137}, {'start_idx': 5810, 'end_idx': 5879, 'score': 8.734891585709763}, {'start_idx': 6020, 'end_idx': 6089, 'score': 8.114535407289937}, {'start_idx': 6090, 'end_idx': 6159, 'score': 8.45768107059427}, {'start_idx': 6160, 'end_idx': 6229, 'score': 8.244753513898042}, {'start_idx': 6230, 'end_idx': 6299, 'score': 7.933733038302316}]",0,0,2,1,[],"[(5360, 5709), (5920, 6129), (6270, 6549)]",1,"[{'start_idx': 5110, 'end_idx': 5179, 'score': 19.45056884076659}, {'start_idx': 5180, 'end_idx': 5249, 'score': 14.438470327355345}, {'start_idx': 5250, 'end_idx': 5319, 'score': 12.421701857794972}, {'start_idx': 5320, 'end_idx': 5389, 'score': 11.239145914071385}, {'start_idx': 5390, 'end_idx': 5459, 'score': 10.421260213155879}, {'start_idx': 5670, 'end_idx': 5739, 'score': 9.451376827784658}, {'start_idx': 5740, 'end_idx': 5809, 'score': 9.146358303203137}, {'start_idx': 5810, 'end_idx': 5879, 'score': 8.734891585709763}, {'start_idx': 6020, 'end_idx': 6089, 'score': 8.114535407289937}, {'start_idx': 6090, 'end_idx': 6159, 'score': 8.45768107059427}, {'start_idx': 6160, 'end_idx': 6229, 'score': 8.244753513898042}, {'start_idx': 6230, 'end_idx': 6299, 'score': 7.933733038302316}]",SMAP,"[[5178, 7917]]",[point]
ESN_100Epochs_2021-07-28_17.34.52,B-1,1740,7784,1,0.3668601871501628,"[{'start_idx': 4760, 'end_idx': 4829, 'score': 25.036445933410885}, {'start_idx': 4830, 'end_idx': 4899, 'score': 16.700245766777034}, {'start_idx': 4900, 'end_idx': 4969, 'score': 13.47719902533688}, {'start_idx': 4970, 'end_idx': 5039, 'score': 11.886108954532647}, {'start_idx': 5040, 'end_idx': 5109, 'score': 10.878777304192067}, {'start_idx': 5110, 'end_idx': 5179, 'score': 10.150825929820995}]",0,0,2,1,[],"[(5010, 5429)]",1,"[{'start_idx': 4760, 'end_idx': 4829, 'score': 25.036445933410885}, {'start_idx': 4830, 'end_idx': 4899, 'score': 16.700245766777034}, {'start_idx': 4900, 'end_idx': 4969, 'score': 13.47719902533688}, {'start_idx': 4970, 'end_idx': 5039, 'score': 11.886108954532647}, {'start_idx': 5040, 'end_idx': 5109, 'score': 10.878777304192067}, {'start_idx': 5110, 'end_idx': 5179, 'score': 10.150825929820995}]",SMAP,"[[5060, 5130]]",[point]
ESN_100Epochs_2021-07-28_17.34.52,G-6,2096,8380,1,0.021128083548317484,"[{'start_idx': 5390, 'end_idx': 5459, 'score': 3.8201243939500538}]",0,0,2,1,[],"[(5640, 5709)]",1,"[{'start_idx': 5390, 'end_idx': 5459, 'score': 3.8201243939500538}]",SMAP,"[[5600, 5700]]",[point]
ESN_100Epochs_2021-07-28_17.34.52,G-7,1748,7769,5,0.013372686871661078,"[{'start_idx': 877, 'end_idx': 1188, 'score': 8.398062199768665}, {'start_idx': 2450, 'end_idx': 2519, 'score': 9.014269360597625}, {'start_idx': 3360, 'end_idx': 3429, 'score': 13.10417918225059}, {'start_idx': 3430, 'end_idx': 3499, 'score': 14.465069186323301}, {'start_idx': 3500, 'end_idx': 3569, 'score': 11.806445975265179}, {'start_idx': 3570, 'end_idx': 3627, 'score': 9.01423858750461}, {'start_idx': 4760, 'end_idx': 4829, 'score': 11.053680077780813}, {'start_idx': 4830, 'end_idx': 4899, 'score': 11.388784435055381}, {'start_idx': 4900, 'end_idx': 4963, 'score': 8.67915858022975}, {'start_idx': 7280, 'end_idx': 7349, 'score': 12.452488390512366}, {'start_idx': 7350, 'end_idx': 7419, 'score': 15.119081832848122}, {'start_idx': 7420, 'end_idx': 7489, 'score': 13.104225053676656}, {'start_idx': 7490, 'end_idx': 7559, 'score': 9.593399586699913}]",2,0,2,3,"[[1127, 1438], [2700, 2769]]","[(3610, 3877), (5010, 5213), (7530, 7809)]",3,"[{'start_idx': 877, 'end_idx': 1188, 'score': 8.398062199768665}, {'start_idx': 2450, 'end_idx': 2519, 'score': 9.014269360597625}, {'start_idx': 3360, 'end_idx': 3429, 'score': 13.10417918225059}, {'start_idx': 3430, 'end_idx': 3499, 'score': 14.465069186323301}, {'start_idx': 3500, 'end_idx': 3569, 'score': 11.806445975265179}, {'start_idx': 3570, 'end_idx': 3627, 'score': 9.01423858750461}, {'start_idx': 4760, 'end_idx': 4829, 'score': 11.053680077780813}, {'start_idx': 4830, 'end_idx': 4899, 'score': 11.388784435055381}, {'start_idx': 4900, 'end_idx': 4963, 'score': 8.67915858022975}, {'start_idx': 7280, 'end_idx': 7349, 'score': 12.452488390512366}, {'start_idx': 7350, 'end_idx': 7419, 'score': 15.119081832848122}, {'start_idx': 7420, 'end_idx': 7489, 'score': 13.104225053676656}, {'start_idx': 7490, 'end_idx': 7559, 'score': 9.593399586699913}]",SMAP,"[[3650, 3750], [5050, 5100], [7560, 7675]]","[contextual, point, contextual]"
ESN_100Epochs_2021-07-28_17.34.52,P-7,2074,7811,1,0.029541061055526206,"[{'start_idx': 4760, 'end_idx': 4829, 'score': 4.060455524751525}, {'start_idx': 4830, 'end_idx': 4899, 'score': 5.288983637215684}, {'start_idx': 4900, 'end_idx': 4969, 'score': 5.476358432327045}, {'start_idx': 4970, 'end_idx': 5039, 'score': 5.4235871262326105}, {'start_idx': 5040, 'end_idx': 5109, 'score': 5.178499664221388}, {'start_idx': 5110, 'end_idx': 5179, 'score': 5.363321684099924}]",0,0,2,1,[],"[(5010, 5429)]",1,"[{'start_idx': 4760, 'end_idx': 4829, 'score': 4.060455524751525}, {'start_idx': 4830, 'end_idx': 4899, 'score': 5.288983637215684}, {'start_idx': 4900, 'end_idx': 4969, 'score': 5.476358432327045}, {'start_idx': 4970, 'end_idx': 5039, 'score': 5.4235871262326105}, {'start_idx': 5040, 'end_idx': 5109, 'score': 5.178499664221388}, {'start_idx': 5110, 'end_idx': 5179, 'score': 5.363321684099924}]",SMAP,"[[4950, 6600]]",[contextual]
ESN_100Epochs_2021-07-28_17.34.52,R-1,2091,6984,0,0.0008109306568815399,[],0,1,2,0,[],[],1,[],SMAP,"[[4510, 4590]]",[point]
ESN_100Epochs_2021-07-28_17.34.52,A-5,356,4433,1,0.2456887673043628,"[{'start_idx': 2450, 'end_idx': 2519, 'score': 22.91499697264574}, {'start_idx': 2520, 'end_idx': 2589, 'score': 15.341266398166225}, {'start_idx': 2590, 'end_idx': 2659, 'score': 12.846959889363795}, {'start_idx': 2660, 'end_idx': 2729, 'score': 11.50246843190814}, {'start_idx': 2730, 'end_idx': 2799, 'score': 10.609146218952336}]",0,0,2,1,[],"[(2700, 3049)]",1,"[{'start_idx': 2450, 'end_idx': 2519, 'score': 22.91499697264574}, {'start_idx': 2520, 'end_idx': 2589, 'score': 15.341266398166225}, {'start_idx': 2590, 'end_idx': 2659, 'score': 12.846959889363795}, {'start_idx': 2660, 'end_idx': 2729, 'score': 11.50246843190814}, {'start_idx': 2730, 'end_idx': 2799, 'score': 10.609146218952336}]",SMAP,"[[2750, 2800]]",[point]
ESN_100Epochs_2021-07-28_17.34.52,A-6,337,4193,1,0.29868328903218655,"[{'start_idx': 1573, 'end_idx': 1783, 'score': 1.7494086432984663}]",0,0,2,1,[],"[(1823, 2033)]",1,"[{'start_idx': 1573, 'end_idx': 1783, 'score': 1.7494086432984663}]",SMAP,"[[1890, 1930]]",[point]
ESN_100Epochs_2021-07-28_17.34.52,A-7,2095,8371,1,0.06534575875207942,"[{'start_idx': 8050, 'end_idx': 8119, 'score': 1.2207250675875176}, {'start_idx': 8120, 'end_idx': 8189, 'score': 1.3431185332359834}, {'start_idx': 8190, 'end_idx': 8259, 'score': 1.6872300660556223}]",0,0,2,1,[],"[(8300, 8509)]",1,"[{'start_idx': 8050, 'end_idx': 8119, 'score': 1.2207250675875176}, {'start_idx': 8120, 'end_idx': 8189, 'score': 1.3431185332359834}, {'start_idx': 8190, 'end_idx': 8259, 'score': 1.6872300660556223}]",SMAP,"[[6200, 8600]]",[contextual]
ESN_100Epochs_2021-07-28_17.34.52,D-13,984,7403,1,0.37335118572888754,"[{'start_idx': 4830, 'end_idx': 4899, 'score': 18.440327154581606}, {'start_idx': 4900, 'end_idx': 4969, 'score': 15.642953640753678}, {'start_idx': 4970, 'end_idx': 5039, 'score': 13.201461730878425}, {'start_idx': 5040, 'end_idx': 5109, 'score': 11.72782603345903}, {'start_idx': 5110, 'end_idx': 5179, 'score': 10.760542832567634}, {'start_idx': 5180, 'end_idx': 5249, 'score': 10.052594036427527}]",0,0,2,1,[],"[(5080, 5499)]",1,"[{'start_idx': 4830, 'end_idx': 4899, 'score': 18.440327154581606}, {'start_idx': 4900, 'end_idx': 4969, 'score': 15.642953640753678}, {'start_idx': 4970, 'end_idx': 5039, 'score': 13.201461730878425}, {'start_idx': 5040, 'end_idx': 5109, 'score': 11.72782603345903}, {'start_idx': 5110, 'end_idx': 5179, 'score': 10.760542832567634}, {'start_idx': 5180, 'end_idx': 5249, 'score': 10.052594036427527}]",SMAP,"[[5070, 5230]]",[point]
ESN_100Epochs_2021-07-28_17.34.52,P-2,2048,7949,1,0.45456812734902907,"[{'start_idx': 5040, 'end_idx': 5109, 'score': 0.567800974245749}, {'start_idx': 5110, 'end_idx': 5179, 'score': 2.0054630193680807}, {'start_idx': 5180, 'end_idx': 5249, 'score': 2.6140123839255347}, {'start_idx': 5250, 'end_idx': 5319, 'score': 2.9093767782731894}, {'start_idx': 5320, 'end_idx': 5389, 'score': 3.273980624640062}, {'start_idx': 5390, 'end_idx': 5459, 'score': 3.3493993634478243}, {'start_idx': 5460, 'end_idx': 5529, 'score': 3.4185229451067207}]",0,0,2,1,[],"[(5290, 5779)]",1,"[{'start_idx': 5040, 'end_idx': 5109, 'score': 0.567800974245749}, {'start_idx': 5110, 'end_idx': 5179, 'score': 2.0054630193680807}, {'start_idx': 5180, 'end_idx': 5249, 'score': 2.6140123839255347}, {'start_idx': 5250, 'end_idx': 5319, 'score': 2.9093767782731894}, {'start_idx': 5320, 'end_idx': 5389, 'score': 3.273980624640062}, {'start_idx': 5390, 'end_idx': 5459, 'score': 3.3493993634478243}, {'start_idx': 5460, 'end_idx': 5529, 'score': 3.4185229451067207}]",SMAP,"[[5300, 6420]]",[point]
ESN_100Epochs_2021-07-28_17.34.52,A-8,401,8115,3,0.03596836977036581,"[{'start_idx': 4620, 'end_idx': 4689, 'score': 2.0461768547039147}, {'start_idx': 4690, 'end_idx': 4759, 'score': 2.272533967493007}, {'start_idx': 4760, 'end_idx': 4829, 'score': 2.4966715290375285}, {'start_idx': 4830, 'end_idx': 4899, 'score': 2.851751276538283}, {'start_idx': 4900, 'end_idx': 4969, 'score': 3.08104134044809}, {'start_idx': 7910, 'end_idx': 7979, 'score': 6.776812500447962}, {'start_idx': 8045, 'end_idx': 8114, 'score': 9.330794194402626}]",0,0,2,1,[],"[(4870, 5219), (8160, 8229), (8295, 8364)]",1,"[{'start_idx': 4620, 'end_idx': 4689, 'score': 2.0461768547039147}, {'start_idx': 4690, 'end_idx': 4759, 'score': 2.272533967493007}, {'start_idx': 4760, 'end_idx': 4829, 'score': 2.4966715290375285}, {'start_idx': 4830, 'end_idx': 4899, 'score': 2.851751276538283}, {'start_idx': 4900, 'end_idx': 4969, 'score': 3.08104134044809}, {'start_idx': 7910, 'end_idx': 7979, 'score': 6.776812500447962}, {'start_idx': 8045, 'end_idx': 8114, 'score': 9.330794194402626}]",SMAP,"[[4569, 8374]]",[contextual]
ESN_100Epochs_2021-07-28_17.34.52,A-9,401,8174,0,0.9460069214792856,[],0,1,2,0,[],[],1,[],SMAP,"[[4569, 8433]]",[contextual]
ESN_100Epochs_2021-07-28_17.34.52,F-3,2096,8116,0,0.03716406127590424,[],0,1,2,0,[],[],1,[],SMAP,"[[5600, 5640]]",[contextual]
ESN_100Epochs_2021-07-28_17.34.52,M-6,1044,1789,1,0.05399121487075956,"[{'start_idx': 1565, 'end_idx': 1788, 'score': 11.801392398923543}]",0,0,2,1,[],"[(1815, 2038)]",1,"[{'start_idx': 1565, 'end_idx': 1788, 'score': 11.801392398923543}]",MSL,"[[1850, 2030]]",[point]
ESN_100Epochs_2021-07-28_17.34.52,M-1,1559,2017,1,0.10766247533962182,"[{'start_idx': 252, 'end_idx': 459, 'score': 5.056415202795172}]",1,1,1,0,"[[502, 709]]",[],1,"[{'start_idx': 252, 'end_idx': 459, 'score': 5.056415202795172}]",MSL,"[[1110, 2250]]",[contextual]
ESN_100Epochs_2021-07-28_17.34.52,M-2,1558,2017,0,0.05709240379677378,[],0,1,2,0,[],[],1,[],MSL,"[[1110, 2250]]",[contextual]
ESN_100Epochs_2021-07-28_17.34.52,S-2,532,1567,1,0.024214112271757435,"[{'start_idx': 556, 'end_idx': 812, 'score': 4.167340316085744}]",0,0,2,1,[],"[(806, 1062)]",1,"[{'start_idx': 556, 'end_idx': 812, 'score': 4.167340316085744}]",MSL,"[[900, 910]]",[point]
ESN_100Epochs_2021-07-28_17.34.52,P-10,3238,5840,1,0.17398406775130545,"[{'start_idx': 4340, 'end_idx': 4409, 'score': 15.196890334441564}, {'start_idx': 4410, 'end_idx': 4479, 'score': 16.362223650046545}, {'start_idx': 4480, 'end_idx': 4549, 'score': 13.184842072885123}, {'start_idx': 4550, 'end_idx': 4619, 'score': 11.579970374904494}, {'start_idx': 4620, 'end_idx': 4689, 'score': 10.62620551726176}]",0,0,2,1,[],"[(4590, 4939)]",1,"[{'start_idx': 4340, 'end_idx': 4409, 'score': 15.196890334441564}, {'start_idx': 4410, 'end_idx': 4479, 'score': 16.362223650046545}, {'start_idx': 4480, 'end_idx': 4549, 'score': 13.184842072885123}, {'start_idx': 4550, 'end_idx': 4619, 'score': 11.579970374904494}, {'start_idx': 4620, 'end_idx': 4689, 'score': 10.62620551726176}]",MSL,"[[4590, 4720]]",[point]
ESN_100Epochs_2021-07-28_17.34.52,T-4,1609,1957,1,0.11248222655960771,"[{'start_idx': 866, 'end_idx': 1077, 'score': 1.8287684353105809}]",0,0,2,1,[],"[(1116, 1327)]",1,"[{'start_idx': 866, 'end_idx': 1077, 'score': 1.8287684353105809}]",MSL,"[[1172, 1240]]",[point]
ESN_100Epochs_2021-07-28_17.34.52,T-5,1609,1958,1,0.007060548082139742,"[{'start_idx': 863, 'end_idx': 1123, 'score': 11.632125933449244}]",0,0,2,1,[],"[(1113, 1373)]",1,"[{'start_idx': 863, 'end_idx': 1123, 'score': 11.632125933449244}]",MSL,"[[1200, 1225]]",[point]
ESN_100Epochs_2021-07-28_17.34.52,F-7,1800,4794,3,0.14893582297032576,"[{'start_idx': 1078, 'end_idx': 1306, 'score': 3.667962395994519}, {'start_idx': 1718, 'end_idx': 1948, 'score': 3.5702410715887907}, {'start_idx': 2450, 'end_idx': 2519, 'score': 3.8958110407156563}, {'start_idx': 2520, 'end_idx': 2589, 'score': 3.978933349367426}, {'start_idx': 2590, 'end_idx': 2632, 'score': 3.8369466899010507}]",1,1,3,2,"[[1968, 2198]]","[(1328, 1556), (2700, 2882)]",3,"[{'start_idx': 1078, 'end_idx': 1306, 'score': 3.667962395994519}, {'start_idx': 1718, 'end_idx': 1948, 'score': 3.5702410715887907}, {'start_idx': 2450, 'end_idx': 2519, 'score': 3.8958110407156563}, {'start_idx': 2520, 'end_idx': 2589, 'score': 3.978933349367426}, {'start_idx': 2590, 'end_idx': 2632, 'score': 3.8369466899010507}]",MSL,"[[1250, 1450], [2670, 2790], [3325, 3425]]","[contextual, contextual, contextual]"
ESN_100Epochs_2021-07-28_17.34.52,M-3,1421,1867,2,0.06235025627418126,"[{'start_idx': 1193, 'end_idx': 1401, 'score': 3.4852316695653762}, {'start_idx': 1474, 'end_idx': 1686, 'score': 3.585776745682999}]",1,0,1,1,"[[1724, 1936]]","[(1443, 1651)]",1,"[{'start_idx': 1193, 'end_idx': 1401, 'score': 3.4852316695653762}, {'start_idx': 1474, 'end_idx': 1686, 'score': 3.585776745682999}]",MSL,"[[1250, 1500]]",[contextual]
ESN_100Epochs_2021-07-28_17.34.52,M-4,1452,1778,1,0.10472603442169054,"[{'start_idx': 1054, 'end_idx': 1337, 'score': 4.581022866532371}]",0,0,2,1,[],"[(1304, 1587)]",1,"[{'start_idx': 1054, 'end_idx': 1337, 'score': 4.581022866532371}]",MSL,"[[1250, 1500]]",[contextual]
ESN_100Epochs_2021-07-28_17.34.52,M-5,1417,2043,1,0.1251616910757136,"[{'start_idx': 918, 'end_idx': 1231, 'score': 2.173199725334986}]",0,0,2,1,[],"[(1168, 1481)]",1,"[{'start_idx': 918, 'end_idx': 1231, 'score': 2.173199725334986}]",MSL,"[[1250, 1550]]",[contextual]
ESN_100Epochs_2021-07-28_17.34.52,P-15,2737,2596,0,0.4725368463158952,[],0,1,2,0,[],[],1,[],MSL,"[[1390, 1410]]",[point]
ESN_100Epochs_2021-07-28_17.34.52,C-1,1518,2004,1,0.024955951700440376,"[{'start_idx': 250, 'end_idx': 472, 'score': 5.837369983570654}]",0,1,3,1,[],"[(500, 722)]",2,"[{'start_idx': 250, 'end_idx': 472, 'score': 5.837369983570654}]",MSL,"[[550, 750], [2100, 2210]]","[point, contextual]"
ESN_100Epochs_2021-07-28_17.34.52,C-2,403,1791,1,0.26234977218178857,"[{'start_idx': 0, 'end_idx': 137, 'score': 5.102009601891537}]",0,1,3,1,[],"[(250, 387)]",2,"[{'start_idx': 0, 'end_idx': 137, 'score': 5.102009601891537}]",MSL,"[[290, 390], [1540, 1575]]","[point, contextual]"
ESN_100Epochs_2021-07-28_17.34.52,T-12,708,2170,1,0.02973668555584159,"[{'start_idx': 261, 'end_idx': 592, 'score': 4.281012137337946}]",0,0,2,1,[],"[(511, 842)]",1,"[{'start_idx': 261, 'end_idx': 592, 'score': 4.281012137337946}]",MSL,"[[630, 750]]",[contextual]
ESN_100Epochs_2021-07-28_17.34.52,T-13,708,2170,0,0.02619480323253925,[],0,2,3,0,[],[],2,[],MSL,"[[690, 790], [1900, 2050]]","[contextual, contextual]"
ESN_100Epochs_2021-07-28_17.34.52,F-4,1587,3162,1,0.029643733339259085,"[{'start_idx': 2730, 'end_idx': 2799, 'score': 4.87613560925741}, {'start_idx': 2800, 'end_idx': 2869, 'score': 4.695957810328682}]",1,1,1,0,"[[2980, 3119]]",[],1,"[{'start_idx': 2730, 'end_idx': 2799, 'score': 4.87613560925741}, {'start_idx': 2800, 'end_idx': 2869, 'score': 4.695957810328682}]",MSL,"[[2700, 2770]]",[point]
ESN_100Epochs_2021-07-28_17.34.52,F-5,1870,3662,1,0.03221609519809734,"[{'start_idx': 3290, 'end_idx': 3359, 'score': 9.813610197591697}, {'start_idx': 3360, 'end_idx': 3429, 'score': 11.866276462171733}, {'start_idx': 3430, 'end_idx': 3499, 'score': 10.19454787264414}, {'start_idx': 3500, 'end_idx': 3551, 'score': 8.07865081776449}]",0,0,2,1,[],"[(3540, 3801)]",1,"[{'start_idx': 3290, 'end_idx': 3359, 'score': 9.813610197591697}, {'start_idx': 3360, 'end_idx': 3429, 'score': 11.866276462171733}, {'start_idx': 3430, 'end_idx': 3499, 'score': 10.19454787264414}, {'start_idx': 3500, 'end_idx': 3551, 'score': 8.07865081776449}]",MSL,"[[3550, 3700]]",[point]
ESN_100Epochs_2021-07-28_17.34.52,D-14,2732,2365,1,0.07438014901789679,"[{'start_idx': 1521, 'end_idx': 1859, 'score': 11.280932582466097}]",0,1,3,1,[],"[(1771, 2109)]",2,"[{'start_idx': 1521, 'end_idx': 1859, 'score': 11.280932582466097}]",MSL,"[[1630, 1650], [1800, 2000]]","[point, point]"
ESN_100Epochs_2021-07-28_17.34.52,T-9,143,836,0,0.2132056630280583,[],0,2,3,0,[],[],2,[],MSL,"[[780, 810], [890, 970]]","[point, point]"
ESN_100Epochs_2021-07-28_17.34.52,P-14,2096,5840,1,0.22755167525558778,"[{'start_idx': 4340, 'end_idx': 4409, 'score': 15.598754405244074}, {'start_idx': 4410, 'end_idx': 4479, 'score': 16.32270719623099}, {'start_idx': 4480, 'end_idx': 4549, 'score': 13.458529563588057}, {'start_idx': 4550, 'end_idx': 4619, 'score': 11.872773681978705}, {'start_idx': 4620, 'end_idx': 4689, 'score': 10.866143836591956}, {'start_idx': 4690, 'end_idx': 4759, 'score': 10.140933737180243}]",0,0,2,1,[],"[(4590, 5009)]",1,"[{'start_idx': 4340, 'end_idx': 4409, 'score': 15.598754405244074}, {'start_idx': 4410, 'end_idx': 4479, 'score': 16.32270719623099}, {'start_idx': 4480, 'end_idx': 4549, 'score': 13.458529563588057}, {'start_idx': 4550, 'end_idx': 4619, 'score': 11.872773681978705}, {'start_idx': 4620, 'end_idx': 4689, 'score': 10.866143836591956}, {'start_idx': 4690, 'end_idx': 4759, 'score': 10.140933737180243}]",MSL,"[[4575, 4755]]",[point]
ESN_100Epochs_2021-07-28_17.34.52,T-8,390,1259,2,0.02107143031400519,"[{'start_idx': 536, 'end_idx': 786, 'score': 5.669511939003996}, {'start_idx': 1023, 'end_idx': 1258, 'score': 5.496799663925547}]",0,0,3,2,[],"[(786, 1036), (1273, 1508)]",2,"[{'start_idx': 536, 'end_idx': 786, 'score': 5.669511939003996}, {'start_idx': 1023, 'end_idx': 1258, 'score': 5.496799663925547}]",MSL,"[[870, 930], [1330, 1370]]","[contextual, contextual]"
ESN_100Epochs_2021-07-28_17.34.52,P-11,2967,3275,1,0.027638911103601255,"[{'start_idx': 915, 'end_idx': 1175, 'score': 4.328643810138817}]",0,1,3,1,[],"[(1165, 1425)]",2,"[{'start_idx': 915, 'end_idx': 1175, 'score': 4.328643810138817}]",MSL,"[[1778, 1898], [1238, 1344]]","[point, point]"
ESN_100Epochs_2021-07-28_17.34.52,D-15,1451,1898,1,0.13300963549483175,"[{'start_idx': 1696, 'end_idx': 1897, 'score': 3.831054242060071}]",0,0,2,1,[],"[(1946, 2147)]",1,"[{'start_idx': 1696, 'end_idx': 1897, 'score': 3.831054242060071}]",MSL,"[[1500, 2140]]",[point]
ESN_100Epochs_2021-07-28_17.34.52,D-16,952,1931,1,0.1461890129548411,"[{'start_idx': 472, 'end_idx': 703, 'score': 5.083326033256538}]",0,0,2,1,[],"[(722, 953)]",1,"[{'start_idx': 472, 'end_idx': 703, 'score': 5.083326033256538}]",MSL,"[[600, 1250]]",[contextual]
ESN_100Epochs_2021-07-28_17.34.52,M-7,1061,1896,1,0.03237703939636764,"[{'start_idx': 621, 'end_idx': 900, 'score': 13.834634029510367}]",0,0,2,1,[],"[(871, 1150)]",1,"[{'start_idx': 621, 'end_idx': 900, 'score': 13.834634029510367}]",MSL,"[[940, 1040]]",[point]
ESN_100Epochs_2021-07-28_17.34.52,F-8,2465,2227,1,0.0707109823862466,"[{'start_idx': 1661, 'end_idx': 1976, 'score': 4.083026175596696}]",0,0,2,1,[],"[(1911, 2226)]",1,"[{'start_idx': 1661, 'end_idx': 1976, 'score': 4.083026175596696}]",MSL,"[[1950, 2486]]",[contextual]
